{
  "molecularFormula" : "C13H15N3O2",
  "root" : "C13H15N3O2",
  "annotations" : {
    "statistics" : {
      "explainedIntensity" : 0.19472673534395266,
      "explainedIntensityOfExplainablePeaks" : 1.0000000000000002,
      "ratioOfExplainedPeaks" : 0.7777777777777778
    },
    "numberOfUnconsideredCandidates" : 13,
    "lowestConsideredCandidateScore" : 14.852784014877761,
    "nodeBoost" : 3.0,
    "precursorIonType" : "[M + Na]+"
  },
  "fragments" : [ {
    "id" : 0,
    "molecularFormula" : "C13H15N3O2",
    "massDeviation" : "-3.7575630563587574 ppm (-0.0010074200905023645 m/z)",
    "recalibratedMassDeviation" : "-3.7575630563587574 ppm (-0.0010074200905023645 m/z)",
    "score" : -10.769056990558301,
    "scores" : {
      "Chemical Prior" : 1.0,
      "MS-Isotopes" : 2.5775289132555557,
      "Mass Deviation" : -0.3465859038138541,
      "CarbohydrogenCompound" : 0.0,
      "motif-search" : 0.0,
      "MS2-Isotopes" : 0.0,
      "PhosphorScorer" : 0.0,
      "BeautificationScorer" : -14.000000000000002,
      "IntrinsicallyChargedScorer" : 0.0,
      "StrangeElementRootScorer" : 0.0
    },
    "molecularFormula" : "C13H15N3O2",
    "relativeIntensity" : 0.02103758457541557,
    "ion" : "[M + Na]+",
    "mz" : 268.10464,
    "recalibratedMass" : 268.10464,
    "peaks" : [ {
      "intensity" : 95617.0,
      "ce" : "none",
      "spectrum" : 0,
      "mz" : 268.1037
    } ],
    "isotopes" : {
      "score" : 2.5775289132555557,
      "mz" : [ 268.10464, 269.1067490501212 ],
      "relInt" : [ 1.0, 0.1488810683591925 ]
    }
  }, {
    "id" : 1,
    "molecularFormula" : "C5H8NO2",
    "massDeviation" : "5.150145535349238 ppm (7.058039094545165E-4 m/z)",
    "recalibratedMassDeviation" : "5.150145535349238 ppm (7.058039094545165E-4 m/z)",
    "score" : 4.271751302045006,
    "scores" : {
      "TreeSizeScorer" : 2.5,
      "StrangeElementFragmentScorer" : 0.0,
      "StrangeElementSmallFragmentScorer" : 0.0,
      "Common Fragments" : 0.0,
      "Mass Deviation" : -0.3227402301990311,
      "CarbohydrogenFragment" : 0.0,
      "MS2-Isotopes" : 0.0,
      "FragmentSizeScorer" : 0.6295457,
      "PhosphorScorer" : 0.0,
      "ClippedPeakIsNoiseScorer" : 1.4649458322440374
    },
    "molecularFormula" : "C5H8NO2",
    "relativeIntensity" : 0.05403299761323073,
    "ion" : "[M + Na]+",
    "mz" : 137.04543,
    "recalibratedMass" : 137.04543,
    "peaks" : [ {
      "intensity" : 245583.0,
      "ce" : "none",
      "spectrum" : 0,
      "mz" : 137.04543
    } ]
  }, {
    "id" : 2,
    "molecularFormula" : "C4H5N3O",
    "massDeviation" : "2.6038888732337444 ppm (2.9176790947360587E-4 m/z)",
    "recalibratedMassDeviation" : "2.6038888732337444 ppm (2.9176790947360587E-4 m/z)",
    "score" : 3.6595619797126995,
    "scores" : {
      "TreeSizeScorer" : 2.5,
      "StrangeElementFragmentScorer" : 0.0,
      "StrangeElementSmallFragmentScorer" : 0.0,
      "Common Fragments" : 0.0,
      "Mass Deviation" : -0.12328351245351253,
      "CarbohydrogenFragment" : 0.0,
      "MS2-Isotopes" : 0.0,
      "FragmentSizeScorer" : 0.8794917,
      "PhosphorScorer" : 0.0,
      "ClippedPeakIsNoiseScorer" : 0.4033537921662117
    },
    "molecularFormula" : "C4H5N3O",
    "relativeIntensity" : 0.0054749600444967015,
    "ion" : "[M + H]+",
    "mz" : 112.05083,
    "recalibratedMass" : 112.05083,
    "peaks" : [ {
      "intensity" : 24884.0,
      "ce" : "none",
      "spectrum" : 0,
      "mz" : 112.05083
    } ]
  }, {
    "id" : 3,
    "molecularFormula" : "C5H6NO",
    "massDeviation" : "-5.120506701969999 ppm (-6.09512090534281E-4 m/z)",
    "recalibratedMassDeviation" : "-5.120506701969999 ppm (-6.09512090534281E-4 m/z)",
    "score" : 4.8934392310067585,
    "scores" : {
      "TreeSizeScorer" : 2.5,
      "StrangeElementFragmentScorer" : 0.0,
      "StrangeElementSmallFragmentScorer" : 0.0,
      "Common Fragments" : 0.0,
      "Mass Deviation" : -0.2737108452009124,
      "CarbohydrogenFragment" : 0.0,
      "MS2-Isotopes" : 0.0,
      "FragmentSizeScorer" : 0.8096645,
      "PhosphorScorer" : 0.0,
      "ClippedPeakIsNoiseScorer" : 1.857485576207671
    },
    "molecularFormula" : "C5H6NO",
    "relativeIntensity" : 0.10553291312582287,
    "ion" : "[M + Na]+",
    "mz" : 119.03355,
    "recalibratedMass" : 119.03355,
    "peaks" : [ {
      "intensity" : 479653.0,
      "ce" : "none",
      "spectrum" : 0,
      "mz" : 119.03355
    } ]
  }, {
    "id" : 4,
    "molecularFormula" : "C4H3N3",
    "massDeviation" : "-0.3567430022584216 ppm (-3.354809052780183E-5 m/z)",
    "recalibratedMassDeviation" : "-0.3567430022584216 ppm (-3.354809052780183E-5 m/z)",
    "score" : 4.559211481838947,
    "scores" : {
      "TreeSizeScorer" : 2.5,
      "StrangeElementFragmentScorer" : 0.0,
      "StrangeElementSmallFragmentScorer" : 0.0,
      "Common Fragments" : 0.0,
      "Mass Deviation" : -0.013473485257697206,
      "CarbohydrogenFragment" : 0.0,
      "MS2-Isotopes" : 0.0,
      "FragmentSizeScorer" : 1.0596006,
      "PhosphorScorer" : 0.0,
      "ClippedPeakIsNoiseScorer" : 1.0130843670966443
    },
    "molecularFormula" : "C4H3N3",
    "relativeIntensity" : 0.022013810170875784,
    "ion" : "[M + H]+",
    "mz" : 94.03994,
    "recalibratedMass" : 94.03994,
    "peaks" : [ {
      "intensity" : 100054.0,
      "ce" : "none",
      "spectrum" : 0,
      "mz" : 94.03994
    } ]
  }, {
    "id" : 5,
    "molecularFormula" : "C4H5O",
    "massDeviation" : "9.340158965435588 ppm (8.595199094543204E-4 m/z)",
    "recalibratedMassDeviation" : "9.340158965435588 ppm (8.595199094543204E-4 m/z)",
    "score" : 4.9742710245606485,
    "scores" : {
      "TreeSizeScorer" : 2.5,
      "StrangeElementFragmentScorer" : 0.0,
      "StrangeElementSmallFragmentScorer" : 0.0,
      "Common Fragments" : 0.36072971104059537,
      "Mass Deviation" : -0.4044102661561863,
      "CarbohydrogenFragment" : 0.21526452574836918,
      "MS2-Isotopes" : 0.0,
      "FragmentSizeScorer" : 1.0797588,
      "PhosphorScorer" : 0.0,
      "ClippedPeakIsNoiseScorer" : 1.2229282539278696
    },
    "molecularFormula" : "C4H5O",
    "relativeIntensity" : 0.03393885575887294,
    "ion" : "[M + Na]+",
    "mz" : 92.02412,
    "recalibratedMass" : 92.02412,
    "peaks" : [ {
      "intensity" : 154254.0,
      "ce" : "none",
      "spectrum" : 0,
      "mz" : 92.02412
    } ]
  }, {
    "id" : 6,
    "molecularFormula" : "C3H2N2",
    "massDeviation" : "3.960711972893045 ppm (2.6548390947311873E-4 m/z)",
    "recalibratedMassDeviation" : "3.960711972893045 ppm (2.6548390947311873E-4 m/z)",
    "score" : 4.621152625407717,
    "scores" : {
      "TreeSizeScorer" : 2.5,
      "StrangeElementFragmentScorer" : 0.0,
      "StrangeElementSmallFragmentScorer" : 0.0,
      "Common Fragments" : 0.0,
      "Mass Deviation" : -0.11160501495355156,
      "CarbohydrogenFragment" : 0.0,
      "MS2-Isotopes" : 0.0,
      "FragmentSizeScorer" : 1.3297066,
      "PhosphorScorer" : 0.0,
      "ClippedPeakIsNoiseScorer" : 0.9030510403612686
    },
    "molecularFormula" : "C3H2N2",
    "relativeIntensity" : 0.017365242584469805,
    "ion" : "[M + H]+",
    "mz" : 67.02934,
    "recalibratedMass" : 67.02934,
    "peaks" : [ {
      "intensity" : 78926.0,
      "ce" : "none",
      "spectrum" : 0,
      "mz" : 67.02934
    } ]
  }, {
    "id" : 7,
    "molecularFormula" : "C3H4O",
    "massDeviation" : "3.660991825281196 ppm (2.0879990946554017E-4 m/z)",
    "recalibratedMassDeviation" : "3.660991825281196 ppm (2.0879990946554017E-4 m/z)",
    "score" : 4.251534048986918,
    "scores" : {
      "TreeSizeScorer" : 2.5,
      "StrangeElementFragmentScorer" : 0.0,
      "StrangeElementSmallFragmentScorer" : 0.0,
      "Common Fragments" : 0.0,
      "Mass Deviation" : -0.08680926075661553,
      "CarbohydrogenFragment" : 0.0,
      "MS2-Isotopes" : 0.0,
      "FragmentSizeScorer" : 1.4296630000000001,
      "PhosphorScorer" : 0.0,
      "ClippedPeakIsNoiseScorer" : 0.40868030974353325
    },
    "molecularFormula" : "C3H4O",
    "relativeIntensity" : 0.005546026275583843,
    "ion" : "[M + H]+",
    "mz" : 57.0337,
    "recalibratedMass" : 57.0337,
    "peaks" : [ {
      "intensity" : 25207.0,
      "ce" : "none",
      "spectrum" : 0,
      "mz" : 57.0337
    } ]
  } ],
  "losses" : [ {
    "source" : 0,
    "target" : 1,
    "molecularFormula" : "C8H7N2",
    "score" : -6.0530090028327415,
    "scores" : {
      "StrangeElementLossScorer" : 0.0,
      "LossSizeScorer" : -1.0672458260610806,
      "Loss RDBE" : 0.0,
      "Free Radical" : -2.2909585508352253,
      "PureCarbonNitrogenLossScorer" : 0.0,
      "CommonLossEdgeScorer" : -2.694804625936435,
      "MS2-Isotopes" : 0.0,
      "PhosphorScorer" : 0.0,
      "AdductSwitchLossScorer" : 0.0,
      "MultimereLossScorer" : 0.0
    }
  }, {
    "source" : 0,
    "target" : 2,
    "molecularFormula" : "C9H10O",
    "score" : -7.25516514985229,
    "scores" : {
      "StrangeElementLossScorer" : 0.0,
      "LossSizeScorer" : -1.767130404524588,
      "Loss RDBE" : 0.0,
      "Free Radical" : 0.011626542158820332,
      "PureCarbonNitrogenLossScorer" : 0.0,
      "CommonLossEdgeScorer" : -2.502986995075415,
      "MS2-Isotopes" : 0.0,
      "PhosphorScorer" : 0.0,
      "AdductSwitchLossScorer" : -2.996674292411108,
      "MultimereLossScorer" : 0.0
    }
  }, {
    "source" : 1,
    "target" : 3,
    "molecularFormula" : "H2O",
    "score" : 1.5226145450243103,
    "scores" : {
      "StrangeElementLossScorer" : 0.0,
      "LossSizeScorer" : 0.03333157911202633,
      "Loss RDBE" : 0.0,
      "Free Radical" : 0.011626542158820332,
      "PureCarbonNitrogenLossScorer" : 0.0,
      "CommonLossEdgeScorer" : 1.4776564237534635,
      "MS2-Isotopes" : 0.0,
      "PhosphorScorer" : 0.0,
      "AdductSwitchLossScorer" : 0.0,
      "MultimereLossScorer" : 0.0
    }
  }, {
    "source" : 2,
    "target" : 4,
    "molecularFormula" : "H2O",
    "score" : 1.522470465829554,
    "scores" : {
      "StrangeElementLossScorer" : 0.0,
      "LossSizeScorer" : 0.0331874999172701,
      "Loss RDBE" : 0.0,
      "Free Radical" : 0.011626542158820332,
      "PureCarbonNitrogenLossScorer" : 0.0,
      "CommonLossEdgeScorer" : 1.4776564237534635,
      "MS2-Isotopes" : 0.0,
      "PhosphorScorer" : 0.0,
      "AdductSwitchLossScorer" : 0.0,
      "MultimereLossScorer" : 0.0
    }
  }, {
    "source" : 3,
    "target" : 5,
    "molecularFormula" : "CHN",
    "score" : 0.22783128690609555,
    "scores" : {
      "StrangeElementLossScorer" : 0.0,
      "LossSizeScorer" : 0.8326490710626935,
      "Loss RDBE" : 0.0,
      "Free Radical" : 0.011626542158820332,
      "PureCarbonNitrogenLossScorer" : 0.0,
      "CommonLossEdgeScorer" : -0.6164443263154182,
      "MS2-Isotopes" : 0.0,
      "PhosphorScorer" : 0.0,
      "AdductSwitchLossScorer" : 0.0,
      "MultimereLossScorer" : 0.0
    }
  }, {
    "source" : 4,
    "target" : 6,
    "molecularFormula" : "CHN",
    "score" : 0.22788865981977235,
    "scores" : {
      "StrangeElementLossScorer" : 0.0,
      "LossSizeScorer" : 0.8327064439763703,
      "Loss RDBE" : 0.0,
      "Free Radical" : 0.011626542158820332,
      "PureCarbonNitrogenLossScorer" : 0.0,
      "CommonLossEdgeScorer" : -0.6164443263154182,
      "MS2-Isotopes" : 0.0,
      "PhosphorScorer" : 0.0,
      "AdductSwitchLossScorer" : 0.0,
      "MultimereLossScorer" : 0.0
    }
  }, {
    "source" : 2,
    "target" : 7,
    "molecularFormula" : "CHN3",
    "score" : -1.7181341454801267,
    "scores" : {
      "StrangeElementLossScorer" : 0.0,
      "LossSizeScorer" : 0.9650439382974882,
      "Loss RDBE" : 0.0,
      "Free Radical" : 0.011626542158820332,
      "PureCarbonNitrogenLossScorer" : 0.0,
      "CommonLossEdgeScorer" : -2.694804625936435,
      "MS2-Isotopes" : 0.0,
      "PhosphorScorer" : 0.0,
      "AdductSwitchLossScorer" : 0.0,
      "MultimereLossScorer" : 0.0
    }
  } ]
}