{
  "molecularFormula" : "C8H16ClN7",
  "root" : "C8H16ClN7",
  "annotations" : {
    "statistics" : {
      "explainedIntensity" : 0.9480627292985339,
      "explainedIntensityOfExplainablePeaks" : 0.9522792230144894,
      "ratioOfExplainedPeaks" : 0.6666666666666666
    },
    "numberOfUnconsideredCandidates" : 13,
    "lowestConsideredCandidateScore" : 14.852784014877761,
    "nodeBoost" : 3.0,
    "precursorIonType" : "[M + Na]+"
  },
  "fragments" : [ {
    "id" : 0,
    "molecularFormula" : "C8H16ClN7",
    "massDeviation" : "-0.5665403273667272 ppm (-1.5189209051413854E-4 m/z)",
    "recalibratedMassDeviation" : "-0.5665403273667272 ppm (-1.5189209051413854E-4 m/z)",
    "score" : -12.038719493619892,
    "scores" : {
      "Chemical Prior" : 0.1898016425255497,
      "MS-Isotopes" : 0.0,
      "Mass Deviation" : -0.04623160875274706,
      "CarbohydrogenCompound" : 0.0,
      "motif-search" : 0.0,
      "MS2-Isotopes" : 0.0,
      "PhosphorScorer" : 0.0,
      "BeautificationScorer" : -10.572851614958594,
      "IntrinsicallyChargedScorer" : 0.0,
      "StrangeElementRootScorer" : -1.6094379124341003
    },
    "molecularFormula" : "C8H16ClN7",
    "relativeIntensity" : 0.02103758457541557,
    "ion" : "[M + Na]+",
    "mz" : 268.10464,
    "recalibratedMass" : 268.10464,
    "peaks" : [ {
      "intensity" : 95617.0,
      "ce" : "none",
      "spectrum" : 0,
      "mz" : 268.1037
    } ],
    "isotopes" : {
      "score" : -13.735415054429623,
      "mz" : [ 268.10464, 269.1067490501212 ],
      "relInt" : [ 1.0, 0.1488810683591925 ]
    }
  }, {
    "id" : 1,
    "molecularFormula" : "C5H5N5",
    "massDeviation" : "1.9725406841747504 ppm (2.6838790947181224E-4 m/z)",
    "recalibratedMassDeviation" : "1.9725406841747504 ppm (2.6838790947181224E-4 m/z)",
    "score" : 14.413972879629258,
    "scores" : {
      "TreeSizeScorer" : 2.5,
      "StrangeElementFragmentScorer" : 0.0,
      "StrangeElementSmallFragmentScorer" : 0.0,
      "Common Fragments" : 0.0,
      "Mass Deviation" : -0.11288967085780587,
      "CarbohydrogenFragment" : 0.0,
      "MS2-Isotopes" : 0.0,
      "FragmentSizeScorer" : 0.6393796,
      "PhosphorScorer" : 0.0,
      "ClippedPeakIsNoiseScorer" : 11.387482950487064
    },
    "molecularFormula" : "C5H5N5",
    "relativeIntensity" : 1.0,
    "ion" : "[M + H]+",
    "mz" : 136.06204,
    "recalibratedMass" : 136.06204,
    "peaks" : [ {
      "intensity" : 4545056.0,
      "ce" : "none",
      "spectrum" : 0,
      "mz" : 136.06204
    } ]
  }, {
    "id" : 2,
    "molecularFormula" : "C4H4N4",
    "massDeviation" : "2.6356428438644954 ppm (2.874199094691221E-4 m/z)",
    "recalibratedMassDeviation" : "2.6356428438644954 ppm (2.874199094691221E-4 m/z)",
    "score" : 3.883242579027155,
    "scores" : {
      "TreeSizeScorer" : 2.5,
      "StrangeElementFragmentScorer" : 0.0,
      "StrangeElementSmallFragmentScorer" : 0.0,
      "Common Fragments" : 0.0,
      "Mass Deviation" : -0.12134366837322846,
      "CarbohydrogenFragment" : 0.0,
      "MS2-Isotopes" : 0.0,
      "FragmentSizeScorer" : 0.9094884000000001,
      "PhosphorScorer" : 0.0,
      "ClippedPeakIsNoiseScorer" : 0.5950978474003834
    },
    "molecularFormula" : "C4H4N4",
    "relativeIntensity" : 0.00864433793555019,
    "ion" : "[M + H]+",
    "mz" : 109.05116,
    "recalibratedMass" : 109.05116,
    "peaks" : [ {
      "intensity" : 39289.0,
      "ce" : "none",
      "spectrum" : 0,
      "mz" : 109.05116
    } ]
  }, {
    "id" : 3,
    "molecularFormula" : "C3H4N4",
    "massDeviation" : "6.159371954156118 ppm (7.3317190947364E-4 m/z)",
    "recalibratedMassDeviation" : "6.159371954156118 ppm (7.3317190947364E-4 m/z)",
    "score" : 4.830176755073884,
    "scores" : {
      "TreeSizeScorer" : 2.5,
      "StrangeElementFragmentScorer" : 0.0,
      "StrangeElementSmallFragmentScorer" : 0.0,
      "Common Fragments" : 0.0,
      "Mass Deviation" : -0.3369733211337863,
      "CarbohydrogenFragment" : 0.0,
      "MS2-Isotopes" : 0.0,
      "FragmentSizeScorer" : 0.8096645,
      "PhosphorScorer" : 0.0,
      "ClippedPeakIsNoiseScorer" : 1.857485576207671
    },
    "molecularFormula" : "C3H4N4",
    "relativeIntensity" : 0.10553291312582287,
    "ion" : "[M + Na]+",
    "mz" : 119.03355,
    "recalibratedMass" : 119.03355,
    "peaks" : [ {
      "intensity" : 479653.0,
      "ce" : "none",
      "spectrum" : 0,
      "mz" : 119.03355
    } ]
  }, {
    "id" : 4,
    "molecularFormula" : "C4H3N3",
    "massDeviation" : "-0.3567430022584216 ppm (-3.354809052780183E-5 m/z)",
    "recalibratedMassDeviation" : "-0.3567430022584216 ppm (-3.354809052780183E-5 m/z)",
    "score" : 4.559211481838947,
    "scores" : {
      "TreeSizeScorer" : 2.5,
      "StrangeElementFragmentScorer" : 0.0,
      "StrangeElementSmallFragmentScorer" : 0.0,
      "Common Fragments" : 0.0,
      "Mass Deviation" : -0.013473485257697206,
      "CarbohydrogenFragment" : 0.0,
      "MS2-Isotopes" : 0.0,
      "FragmentSizeScorer" : 1.0596006,
      "PhosphorScorer" : 0.0,
      "ClippedPeakIsNoiseScorer" : 1.0130843670966443
    },
    "molecularFormula" : "C4H3N3",
    "relativeIntensity" : 0.022013810170875784,
    "ion" : "[M + H]+",
    "mz" : 94.03994,
    "recalibratedMass" : 94.03994,
    "peaks" : [ {
      "intensity" : 100054.0,
      "ce" : "none",
      "spectrum" : 0,
      "mz" : 94.03994
    } ]
  }, {
    "id" : 5,
    "molecularFormula" : "C4HN3",
    "massDeviation" : "-2.211203872787202 ppm (-2.034840905338342E-4 m/z)",
    "recalibratedMassDeviation" : "-2.211203872787202 ppm (-2.034840905338342E-4 m/z)",
    "score" : 4.718175924700641,
    "scores" : {
      "TreeSizeScorer" : 2.5,
      "StrangeElementFragmentScorer" : 0.0,
      "StrangeElementSmallFragmentScorer" : 0.0,
      "Common Fragments" : 0.0,
      "Mass Deviation" : -0.08451112922722881,
      "CarbohydrogenFragment" : 0.0,
      "MS2-Isotopes" : 0.0,
      "FragmentSizeScorer" : 1.0797588,
      "PhosphorScorer" : 0.0,
      "ClippedPeakIsNoiseScorer" : 1.2229282539278696
    },
    "molecularFormula" : "C4HN3",
    "relativeIntensity" : 0.03393885575887294,
    "ion" : "[M + H]+",
    "mz" : 92.02412,
    "recalibratedMass" : 92.02412,
    "peaks" : [ {
      "intensity" : 154254.0,
      "ce" : "none",
      "spectrum" : 0,
      "mz" : 92.02412
    } ]
  }, {
    "id" : 6,
    "molecularFormula" : "C3H2N2",
    "massDeviation" : "3.960711972893045 ppm (2.6548390947311873E-4 m/z)",
    "recalibratedMassDeviation" : "3.960711972893045 ppm (2.6548390947311873E-4 m/z)",
    "score" : 4.621152625407717,
    "scores" : {
      "TreeSizeScorer" : 2.5,
      "StrangeElementFragmentScorer" : 0.0,
      "StrangeElementSmallFragmentScorer" : 0.0,
      "Common Fragments" : 0.0,
      "Mass Deviation" : -0.11160501495355156,
      "CarbohydrogenFragment" : 0.0,
      "MS2-Isotopes" : 0.0,
      "FragmentSizeScorer" : 1.3297066,
      "PhosphorScorer" : 0.0,
      "ClippedPeakIsNoiseScorer" : 0.9030510403612686
    },
    "molecularFormula" : "C3H2N2",
    "relativeIntensity" : 0.017365242584469805,
    "ion" : "[M + H]+",
    "mz" : 67.02934,
    "recalibratedMass" : 67.02934,
    "peaks" : [ {
      "intensity" : 78926.0,
      "ce" : "none",
      "spectrum" : 0,
      "mz" : 67.02934
    } ]
  } ],
  "losses" : [ {
    "source" : 0,
    "target" : 1,
    "molecularFormula" : "C3H11ClN2",
    "score" : -8.95599439329837,
    "scores" : {
      "StrangeElementLossScorer" : 0.0,
      "LossSizeScorer" : -1.0952206893161502,
      "Loss RDBE" : -2.1972245773362196,
      "Free Radical" : 0.011626542158820332,
      "PureCarbonNitrogenLossScorer" : 0.0,
      "CommonLossEdgeScorer" : -2.694804625936435,
      "MS2-Isotopes" : 0.0,
      "PhosphorScorer" : 0.0,
      "AdductSwitchLossScorer" : -2.9803710428683856,
      "MultimereLossScorer" : 0.0
    }
  }, {
    "source" : 1,
    "target" : 2,
    "molecularFormula" : "CHN",
    "score" : 0.22790238883068004,
    "scores" : {
      "StrangeElementLossScorer" : 0.0,
      "LossSizeScorer" : 0.832720172987278,
      "Loss RDBE" : 0.0,
      "Free Radical" : 0.011626542158820332,
      "PureCarbonNitrogenLossScorer" : 0.0,
      "CommonLossEdgeScorer" : -0.6164443263154182,
      "MS2-Isotopes" : 0.0,
      "PhosphorScorer" : 0.0,
      "AdductSwitchLossScorer" : 0.0,
      "MultimereLossScorer" : 0.0
    }
  }, {
    "source" : 0,
    "target" : 3,
    "molecularFormula" : "C5H12ClN3",
    "score" : -4.257325140115291,
    "scores" : {
      "StrangeElementLossScorer" : 0.0,
      "LossSizeScorer" : -1.5741470563376758,
      "Loss RDBE" : 0.0,
      "Free Radical" : 0.011626542158820332,
      "PureCarbonNitrogenLossScorer" : 0.0,
      "CommonLossEdgeScorer" : -2.694804625936435,
      "MS2-Isotopes" : 0.0,
      "PhosphorScorer" : 0.0,
      "AdductSwitchLossScorer" : 0.0,
      "MultimereLossScorer" : 0.0
    }
  }, {
    "source" : 1,
    "target" : 4,
    "molecularFormula" : "CH2N2",
    "score" : -1.5776959255895553,
    "scores" : {
      "StrangeElementLossScorer" : 0.0,
      "LossSizeScorer" : 1.1054821581880594,
      "Loss RDBE" : 0.0,
      "Free Radical" : 0.011626542158820332,
      "PureCarbonNitrogenLossScorer" : 0.0,
      "CommonLossEdgeScorer" : -2.694804625936435,
      "MS2-Isotopes" : 0.0,
      "PhosphorScorer" : 0.0,
      "AdductSwitchLossScorer" : 0.0,
      "MultimereLossScorer" : 0.0
    }
  }, {
    "source" : 2,
    "target" : 5,
    "molecularFormula" : "H3N",
    "score" : 0.31004304431553387,
    "scores" : {
      "StrangeElementLossScorer" : 0.0,
      "LossSizeScorer" : -0.11911428004079294,
      "Loss RDBE" : 0.0,
      "Free Radical" : 0.011626542158820332,
      "PureCarbonNitrogenLossScorer" : 0.0,
      "CommonLossEdgeScorer" : 0.4175307821975065,
      "MS2-Isotopes" : 0.0,
      "PhosphorScorer" : 0.0,
      "AdductSwitchLossScorer" : 0.0,
      "MultimereLossScorer" : 0.0
    }
  }, {
    "source" : 4,
    "target" : 6,
    "molecularFormula" : "CHN",
    "score" : 0.22788865981977235,
    "scores" : {
      "StrangeElementLossScorer" : 0.0,
      "LossSizeScorer" : 0.8327064439763703,
      "Loss RDBE" : 0.0,
      "Free Radical" : 0.011626542158820332,
      "PureCarbonNitrogenLossScorer" : 0.0,
      "CommonLossEdgeScorer" : -0.6164443263154182,
      "MS2-Isotopes" : 0.0,
      "PhosphorScorer" : 0.0,
      "AdductSwitchLossScorer" : 0.0,
      "MultimereLossScorer" : 0.0
    }
  } ]
}