{
  "molecularFormula" : "C10H19N3O3",
  "root" : "C10H19N3O3",
  "annotations" : {
    "statistics" : {
      "explainedIntensity" : 0.06733380104993829,
      "explainedIntensityOfExplainablePeaks" : 1.0,
      "ratioOfExplainedPeaks" : 0.5555555555555556
    },
    "numberOfUnconsideredCandidates" : 13,
    "lowestConsideredCandidateScore" : 14.852784014877761,
    "nodeBoost" : 3.0,
    "precursorIonType" : "[M + K]+"
  },
  "fragments" : [ {
    "id" : 0,
    "molecularFormula" : "C10H19N3O3",
    "massDeviation" : "-4.325057897118522 ppm (-0.0011595680904861183 m/z)",
    "recalibratedMassDeviation" : "-4.325057897118522 ppm (-0.0011595680904861183 m/z)",
    "score" : -9.407406223111161,
    "scores" : {
      "Chemical Prior" : 1.0,
      "MS-Isotopes" : 0.0,
      "Mass Deviation" : -0.4074062231111601,
      "CarbohydrogenCompound" : 0.0,
      "motif-search" : 0.0,
      "MS2-Isotopes" : 0.0,
      "PhosphorScorer" : 0.0,
      "BeautificationScorer" : -10.000000000000002,
      "IntrinsicallyChargedScorer" : 0.0,
      "StrangeElementRootScorer" : 0.0
    },
    "molecularFormula" : "C10H19N3O3",
    "relativeIntensity" : 0.02103758457541557,
    "ion" : "[M + K]+",
    "mz" : 268.10464,
    "recalibratedMass" : 268.10464,
    "peaks" : [ {
      "intensity" : 95617.0,
      "ce" : "none",
      "spectrum" : 0,
      "mz" : 268.1037
    } ],
    "isotopes" : {
      "score" : -2.3180045434472882,
      "mz" : [ 268.10464, 269.1067490501212 ],
      "relInt" : [ 1.0, 0.1488810683591925 ]
    }
  }, {
    "id" : 1,
    "molecularFormula" : "C4H5N3O",
    "massDeviation" : "2.6038888732337444 ppm (2.9176790947360587E-4 m/z)",
    "recalibratedMassDeviation" : "2.6038888732337444 ppm (2.9176790947360587E-4 m/z)",
    "score" : 3.6595619797126995,
    "scores" : {
      "TreeSizeScorer" : 2.5,
      "StrangeElementFragmentScorer" : 0.0,
      "StrangeElementSmallFragmentScorer" : 0.0,
      "Common Fragments" : 0.0,
      "Mass Deviation" : -0.12328351245351253,
      "CarbohydrogenFragment" : 0.0,
      "MS2-Isotopes" : 0.0,
      "FragmentSizeScorer" : 0.8794917,
      "PhosphorScorer" : 0.0,
      "ClippedPeakIsNoiseScorer" : 0.4033537921662117
    },
    "molecularFormula" : "C4H5N3O",
    "relativeIntensity" : 0.0054749600444967015,
    "ion" : "[M + H]+",
    "mz" : 112.05083,
    "recalibratedMass" : 112.05083,
    "peaks" : [ {
      "intensity" : 24884.0,
      "ce" : "none",
      "spectrum" : 0,
      "mz" : 112.05083
    } ]
  }, {
    "id" : 2,
    "molecularFormula" : "C4H3N3",
    "massDeviation" : "-0.3567430022584216 ppm (-3.354809052780183E-5 m/z)",
    "recalibratedMassDeviation" : "-0.3567430022584216 ppm (-3.354809052780183E-5 m/z)",
    "score" : 4.559211481838947,
    "scores" : {
      "TreeSizeScorer" : 2.5,
      "StrangeElementFragmentScorer" : 0.0,
      "StrangeElementSmallFragmentScorer" : 0.0,
      "Common Fragments" : 0.0,
      "Mass Deviation" : -0.013473485257697206,
      "CarbohydrogenFragment" : 0.0,
      "MS2-Isotopes" : 0.0,
      "FragmentSizeScorer" : 1.0596006,
      "PhosphorScorer" : 0.0,
      "ClippedPeakIsNoiseScorer" : 1.0130843670966443
    },
    "molecularFormula" : "C4H3N3",
    "relativeIntensity" : 0.022013810170875784,
    "ion" : "[M + H]+",
    "mz" : 94.03994,
    "recalibratedMass" : 94.03994,
    "peaks" : [ {
      "intensity" : 100054.0,
      "ce" : "none",
      "spectrum" : 0,
      "mz" : 94.03994
    } ]
  }, {
    "id" : 3,
    "molecularFormula" : "C4HN3",
    "massDeviation" : "-2.211203872787202 ppm (-2.034840905338342E-4 m/z)",
    "recalibratedMassDeviation" : "-2.211203872787202 ppm (-2.034840905338342E-4 m/z)",
    "score" : 4.718175924700641,
    "scores" : {
      "TreeSizeScorer" : 2.5,
      "StrangeElementFragmentScorer" : 0.0,
      "StrangeElementSmallFragmentScorer" : 0.0,
      "Common Fragments" : 0.0,
      "Mass Deviation" : -0.08451112922722881,
      "CarbohydrogenFragment" : 0.0,
      "MS2-Isotopes" : 0.0,
      "FragmentSizeScorer" : 1.0797588,
      "PhosphorScorer" : 0.0,
      "ClippedPeakIsNoiseScorer" : 1.2229282539278696
    },
    "molecularFormula" : "C4HN3",
    "relativeIntensity" : 0.03393885575887294,
    "ion" : "[M + H]+",
    "mz" : 92.02412,
    "recalibratedMass" : 92.02412,
    "peaks" : [ {
      "intensity" : 154254.0,
      "ce" : "none",
      "spectrum" : 0,
      "mz" : 92.02412
    } ]
  }, {
    "id" : 4,
    "molecularFormula" : "C3H2N2",
    "massDeviation" : "3.960711972893045 ppm (2.6548390947311873E-4 m/z)",
    "recalibratedMassDeviation" : "3.960711972893045 ppm (2.6548390947311873E-4 m/z)",
    "score" : 4.621152625407717,
    "scores" : {
      "TreeSizeScorer" : 2.5,
      "StrangeElementFragmentScorer" : 0.0,
      "StrangeElementSmallFragmentScorer" : 0.0,
      "Common Fragments" : 0.0,
      "Mass Deviation" : -0.11160501495355156,
      "CarbohydrogenFragment" : 0.0,
      "MS2-Isotopes" : 0.0,
      "FragmentSizeScorer" : 1.3297066,
      "PhosphorScorer" : 0.0,
      "ClippedPeakIsNoiseScorer" : 0.9030510403612686
    },
    "molecularFormula" : "C3H2N2",
    "relativeIntensity" : 0.017365242584469805,
    "ion" : "[M + H]+",
    "mz" : 67.02934,
    "recalibratedMass" : 67.02934,
    "peaks" : [ {
      "intensity" : 78926.0,
      "ce" : "none",
      "spectrum" : 0,
      "mz" : 67.02934
    } ]
  }, {
    "id" : 5,
    "molecularFormula" : "C3H4O",
    "massDeviation" : "3.660991825281196 ppm (2.0879990946554017E-4 m/z)",
    "recalibratedMassDeviation" : "3.660991825281196 ppm (2.0879990946554017E-4 m/z)",
    "score" : 4.251534048986918,
    "scores" : {
      "TreeSizeScorer" : 2.5,
      "StrangeElementFragmentScorer" : 0.0,
      "StrangeElementSmallFragmentScorer" : 0.0,
      "Common Fragments" : 0.0,
      "Mass Deviation" : -0.08680926075661553,
      "CarbohydrogenFragment" : 0.0,
      "MS2-Isotopes" : 0.0,
      "FragmentSizeScorer" : 1.4296630000000001,
      "PhosphorScorer" : 0.0,
      "ClippedPeakIsNoiseScorer" : 0.40868030974353325
    },
    "molecularFormula" : "C3H4O",
    "relativeIntensity" : 0.005546026275583843,
    "ion" : "[M + H]+",
    "mz" : 57.0337,
    "recalibratedMass" : 57.0337,
    "peaks" : [ {
      "intensity" : 25207.0,
      "ce" : "none",
      "spectrum" : 0,
      "mz" : 57.0337
    } ]
  } ],
  "losses" : [ {
    "source" : 0,
    "target" : 1,
    "molecularFormula" : "C6H14O2",
    "score" : -6.990281365355077,
    "scores" : {
      "StrangeElementLossScorer" : 0.0,
      "LossSizeScorer" : -1.767130404524588,
      "Loss RDBE" : 0.0,
      "Free Radical" : 0.011626542158820332,
      "PureCarbonNitrogenLossScorer" : 0.0,
      "CommonLossEdgeScorer" : -2.694804625936435,
      "MS2-Isotopes" : 0.0,
      "PhosphorScorer" : 0.0,
      "AdductSwitchLossScorer" : -2.539972877052875,
      "MultimereLossScorer" : 0.0
    }
  }, {
    "source" : 1,
    "target" : 2,
    "molecularFormula" : "H2O",
    "score" : 1.522470465829554,
    "scores" : {
      "StrangeElementLossScorer" : 0.0,
      "LossSizeScorer" : 0.0331874999172701,
      "Loss RDBE" : 0.0,
      "Free Radical" : 0.011626542158820332,
      "PureCarbonNitrogenLossScorer" : 0.0,
      "CommonLossEdgeScorer" : 1.4776564237534635,
      "MS2-Isotopes" : 0.0,
      "PhosphorScorer" : 0.0,
      "AdductSwitchLossScorer" : 0.0,
      "MultimereLossScorer" : 0.0
    }
  }, {
    "source" : 2,
    "target" : 3,
    "molecularFormula" : "H2",
    "score" : -0.5913894374721256,
    "scores" : {
      "StrangeElementLossScorer" : 0.0,
      "LossSizeScorer" : -13.381749782401652,
      "Loss RDBE" : 0.0,
      "Free Radical" : 0.011626542158820332,
      "PureCarbonNitrogenLossScorer" : 0.0,
      "CommonLossEdgeScorer" : 12.778733802770706,
      "MS2-Isotopes" : 0.0,
      "PhosphorScorer" : 0.0,
      "AdductSwitchLossScorer" : 0.0,
      "MultimereLossScorer" : 0.0
    }
  }, {
    "source" : 2,
    "target" : 4,
    "molecularFormula" : "CHN",
    "score" : 0.22788865981977235,
    "scores" : {
      "StrangeElementLossScorer" : 0.0,
      "LossSizeScorer" : 0.8327064439763703,
      "Loss RDBE" : 0.0,
      "Free Radical" : 0.011626542158820332,
      "PureCarbonNitrogenLossScorer" : 0.0,
      "CommonLossEdgeScorer" : -0.6164443263154182,
      "MS2-Isotopes" : 0.0,
      "PhosphorScorer" : 0.0,
      "AdductSwitchLossScorer" : 0.0,
      "MultimereLossScorer" : 0.0
    }
  }, {
    "source" : 1,
    "target" : 5,
    "molecularFormula" : "CHN3",
    "score" : -1.7181341454801267,
    "scores" : {
      "StrangeElementLossScorer" : 0.0,
      "LossSizeScorer" : 0.9650439382974882,
      "Loss RDBE" : 0.0,
      "Free Radical" : 0.011626542158820332,
      "PureCarbonNitrogenLossScorer" : 0.0,
      "CommonLossEdgeScorer" : -2.694804625936435,
      "MS2-Isotopes" : 0.0,
      "PhosphorScorer" : 0.0,
      "AdductSwitchLossScorer" : 0.0,
      "MultimereLossScorer" : 0.0
    }
  } ]
}