{
  "molecularFormula" : "C6H12B3F3O6",
  "root" : "C6H12B3F3O6",
  "annotations" : {
    "statistics" : {
      "explainedIntensity" : 0.9301925940811248,
      "explainedIntensityOfExplainablePeaks" : 0.9880266926782088,
      "ratioOfExplainedPeaks" : 0.4444444444444444
    },
    "numberOfUnconsideredCandidates" : 13,
    "lowestConsideredCandidateScore" : 14.852784014877761,
    "nodeBoost" : 3.0,
    "precursorIonType" : "[M + H]+"
  },
  "fragments" : [ {
    "id" : 0,
    "molecularFormula" : "C6H12B3F3O6",
    "massDeviation" : "-0.16865090616949335 ppm (-4.52160904842458E-5 m/z)",
    "recalibratedMassDeviation" : "-0.16865090616949335 ppm (-4.52160904842458E-5 m/z)",
    "score" : -10.385747950501575,
    "scores" : {
      "Chemical Prior" : 0.8466749809887594,
      "MS-Isotopes" : 0.0,
      "Mass Deviation" : -0.01354710662213526,
      "CarbohydrogenCompound" : 0.0,
      "motif-search" : 0.0,
      "MS2-Isotopes" : 0.0,
      "PhosphorScorer" : 0.0,
      "BeautificationScorer" : -7.999999999999998,
      "IntrinsicallyChargedScorer" : 0.0,
      "StrangeElementRootScorer" : -3.2188758248682006
    },
    "molecularFormula" : "C6H12B3F3O6",
    "relativeIntensity" : 0.02103758457541557,
    "ion" : "[M + H]+",
    "mz" : 268.10464,
    "recalibratedMass" : 268.10464,
    "peaks" : [ {
      "intensity" : 95617.0,
      "ce" : "none",
      "spectrum" : 0,
      "mz" : 268.1037
    } ],
    "isotopes" : {
      "score" : -0.013547106639280207,
      "mz" : [ 268.10464 ],
      "relInt" : [ 1.0 ]
    }
  }, {
    "id" : 1,
    "molecularFormula" : "C4H8O5",
    "massDeviation" : "7.1523137217429875 ppm (9.801919094911682E-4 m/z)",
    "recalibratedMassDeviation" : "7.1523137217429875 ppm (9.801919094911682E-4 m/z)",
    "score" : 4.508322538186975,
    "scores" : {
      "TreeSizeScorer" : 2.5,
      "StrangeElementFragmentScorer" : 0.0,
      "StrangeElementSmallFragmentScorer" : 0.0,
      "Common Fragments" : 0.0,
      "Mass Deviation" : -0.47149914620736644,
      "CarbohydrogenFragment" : 0.38533015215030475,
      "MS2-Isotopes" : 0.0,
      "FragmentSizeScorer" : 0.6295457,
      "PhosphorScorer" : 0.0,
      "ClippedPeakIsNoiseScorer" : 1.4649458322440374
    },
    "molecularFormula" : "C4H8O5",
    "relativeIntensity" : 0.05403299761323073,
    "ion" : "[M + H]+",
    "mz" : 137.04543,
    "recalibratedMass" : 137.04543,
    "peaks" : [ {
      "intensity" : 245583.0,
      "ce" : "none",
      "spectrum" : 0,
      "mz" : 137.04543
    } ]
  }, {
    "id" : 2,
    "molecularFormula" : "CH4B3F3O2",
    "massDeviation" : "-2.8404696163209207 ppm (-3.864800905546417E-4 m/z)",
    "recalibratedMassDeviation" : "-2.8404696163209207 ppm (-3.864800905546417E-4 m/z)",
    "score" : 14.36053753778017,
    "scores" : {
      "TreeSizeScorer" : 2.5,
      "StrangeElementFragmentScorer" : 0.0,
      "StrangeElementSmallFragmentScorer" : 0.0,
      "Common Fragments" : 0.0,
      "Mass Deviation" : -0.1663250127068938,
      "CarbohydrogenFragment" : 0.0,
      "MS2-Isotopes" : 0.0,
      "FragmentSizeScorer" : 0.6393796,
      "PhosphorScorer" : 0.0,
      "ClippedPeakIsNoiseScorer" : 11.387482950487064
    },
    "molecularFormula" : "CH4B3F3O2",
    "relativeIntensity" : 1.0,
    "ion" : "[M + H]+",
    "mz" : 136.06204,
    "recalibratedMass" : 136.06204,
    "peaks" : [ {
      "intensity" : 4545056.0,
      "ce" : "none",
      "spectrum" : 0,
      "mz" : 136.06204
    } ]
  }, {
    "id" : 3,
    "molecularFormula" : "C4H6O4",
    "massDeviation" : "-2.8153750814459544 ppm (-3.351240905260511E-4 m/z)",
    "recalibratedMassDeviation" : "-2.8153750814459544 ppm (-3.351240905260511E-4 m/z)",
    "score" : 5.626442237162142,
    "scores" : {
      "TreeSizeScorer" : 2.5,
      "StrangeElementFragmentScorer" : 0.0,
      "StrangeElementSmallFragmentScorer" : 0.0,
      "Common Fragments" : 0.0,
      "Mass Deviation" : -0.14279954391466432,
      "CarbohydrogenFragment" : 0.6020917048691363,
      "MS2-Isotopes" : 0.0,
      "FragmentSizeScorer" : 0.8096645,
      "PhosphorScorer" : 0.0,
      "ClippedPeakIsNoiseScorer" : 1.857485576207671
    },
    "molecularFormula" : "C4H6O4",
    "relativeIntensity" : 0.10553291312582287,
    "ion" : "[M + H]+",
    "mz" : 119.03355,
    "recalibratedMass" : 119.03355,
    "peaks" : [ {
      "intensity" : 479653.0,
      "ce" : "none",
      "spectrum" : 0,
      "mz" : 119.03355
    } ]
  }, {
    "id" : 4,
    "molecularFormula" : "C3H4O",
    "massDeviation" : "3.660991825281196 ppm (2.0879990946554017E-4 m/z)",
    "recalibratedMassDeviation" : "3.660991825281196 ppm (2.0879990946554017E-4 m/z)",
    "score" : 4.251534048986918,
    "scores" : {
      "TreeSizeScorer" : 2.5,
      "StrangeElementFragmentScorer" : 0.0,
      "StrangeElementSmallFragmentScorer" : 0.0,
      "Common Fragments" : 0.0,
      "Mass Deviation" : -0.08680926075661553,
      "CarbohydrogenFragment" : 0.0,
      "MS2-Isotopes" : 0.0,
      "FragmentSizeScorer" : 1.4296630000000001,
      "PhosphorScorer" : 0.0,
      "ClippedPeakIsNoiseScorer" : 0.40868030974353325
    },
    "molecularFormula" : "C3H4O",
    "relativeIntensity" : 0.005546026275583843,
    "ion" : "[M + H]+",
    "mz" : 57.0337,
    "recalibratedMass" : 57.0337,
    "peaks" : [ {
      "intensity" : 25207.0,
      "ce" : "none",
      "spectrum" : 0,
      "mz" : 57.0337
    } ]
  } ],
  "losses" : [ {
    "source" : 0,
    "target" : 1,
    "molecularFormula" : "C2H4B3F3O",
    "score" : -3.7504239098386956,
    "scores" : {
      "StrangeElementLossScorer" : 0.0,
      "LossSizeScorer" : -1.0672458260610806,
      "Loss RDBE" : 0.0,
      "Free Radical" : 0.011626542158820332,
      "PureCarbonNitrogenLossScorer" : 0.0,
      "CommonLossEdgeScorer" : -2.694804625936435,
      "MS2-Isotopes" : 0.0,
      "PhosphorScorer" : 0.0,
      "AdductSwitchLossScorer" : 0.0,
      "MultimereLossScorer" : 0.0
    }
  }, {
    "source" : 0,
    "target" : 2,
    "molecularFormula" : "C5H8O4",
    "score" : -2.6442569399947597,
    "scores" : {
      "StrangeElementLossScorer" : 0.0,
      "LossSizeScorer" : -1.0952206893161502,
      "Loss RDBE" : 0.0,
      "Free Radical" : 0.011626542158820332,
      "PureCarbonNitrogenLossScorer" : 0.0,
      "CommonLossEdgeScorer" : -1.5606627928374301,
      "MS2-Isotopes" : 0.0,
      "PhosphorScorer" : 0.0,
      "AdductSwitchLossScorer" : 0.0,
      "MultimereLossScorer" : 0.0
    }
  }, {
    "source" : 1,
    "target" : 3,
    "molecularFormula" : "H2O",
    "score" : 1.5226145450243103,
    "scores" : {
      "StrangeElementLossScorer" : 0.0,
      "LossSizeScorer" : 0.03333157911202633,
      "Loss RDBE" : 0.0,
      "Free Radical" : 0.011626542158820332,
      "PureCarbonNitrogenLossScorer" : 0.0,
      "CommonLossEdgeScorer" : 1.4776564237534635,
      "MS2-Isotopes" : 0.0,
      "PhosphorScorer" : 0.0,
      "AdductSwitchLossScorer" : 0.0,
      "MultimereLossScorer" : 0.0
    }
  }, {
    "source" : 3,
    "target" : 4,
    "molecularFormula" : "CH2O3",
    "score" : -1.8547767103172443,
    "scores" : {
      "StrangeElementLossScorer" : 0.0,
      "LossSizeScorer" : 0.8284013734603706,
      "Loss RDBE" : 0.0,
      "Free Radical" : 0.011626542158820332,
      "PureCarbonNitrogenLossScorer" : 0.0,
      "CommonLossEdgeScorer" : -2.694804625936435,
      "MS2-Isotopes" : 0.0,
      "PhosphorScorer" : 0.0,
      "AdductSwitchLossScorer" : 0.0,
      "MultimereLossScorer" : 0.0
    }
  } ]
}